RAW,NUM_VIC,COUNTER,NOMBRE,MUNICIP,DEPART,TO_GEOCODE,geometry,LONGITUDE,LATIITUDE,FECHA,FECHA_TEXTO,OCUPACION,GÉNERO,IMG_PATH,TEXTO
56. Aulio Isararama Forastero,56,0056,Aulio Isararama Forastero,Alto Baudó,Chocó,"Alto Baudó, Chocó, Colombia",POINT (-76.974502 5.516347),-76.974502,5.516347,2017-10-24,24-Oct-2017,"Gobernador indígena del resguardo Catru, Dubanza y Ankosó",Masculino,,"<p>Fue asesinado en la noche del martes 24 de octubre en Alto Baudó, Chocó. La noticia, confirmada por Naciones Unidas, fue dada a conocer en un comienzo por la Organización Nacional Indígena de Colombia (Onic).  Las circunstancias del asesinato están por aclarar. De hecho, la Onic envió una comisión que le hiciera seguimiento al caso en terreno. La Onic denunció, además, que los hombres armados que presuntamente asesinaron al líder social hacían parte del Frente Cimarrón de la guerrilla del ELN. Esta información, sin embargo, no ha sido confirmada.</p>"
85. María del Carmen Moreno,85,0085,María del Carmen Moreno,Arauquita,Arauca,"Arauquita, Arauca, Colombia",POINT (-71.4294759 7.029334),-71.4294759,7.029334,2018-05-02,02-May-2018,Presidenta de la JAC de la vereda Caño Rico,Femenino,,"<p>María del Carmen Moreno Páez era la presidenta de la Junta de Acción Comunal de la vereda de Caño Rico del municipio de Arauquita, Arauca. Se distinguía por su cercanía a la comunidad y su trabajo con las personas de esta área rural. Fue secuestrada el 27 de abril por un grupo de delincuentes que se identificó como una célula paramilitar. Los secuestradores pidieron mil millones y  le dieron a los familiares un plazo de 24 horas o, de lo contrario, la asesinarían.. El 2 de mayo las autoridades encontraron su cadáver en un la zona rural de la vereda en donde trabajaba.</p>"
8. Anuar Álvarez,8,0008,Anuar José Álvarez Armero,Argelia,Cauca,"Argelia, Cauca, Colombia",POINT (-77.24933399999999 2.25575),-77.249334,2.25575,2016-12-25,25-Dec-2016,"Lider campesino de Mirolindo, socio de ASCAMTA",Masculino,,"<p>A pocos metros de su casa, ubicada en el municipio de Argelia (Cauca), desconocidos se acercaron a Anuar José Álvarez y le dispararon en tres ocasiones. El líder campesino, que se movilizaba en una motocicleta, “continuó su camino a bordo de la motocicleta y posteriormente se encontró un vehículo que venía en sentido contrario, a quienes les solicitó ayuda y de forma inmediata fue trasladado hasta el hospital de Argelia, pero por la gravedad de las heridas no pudieron salvarle la vida”, según explicó Marcha Patriótica en una denuncia pública.</p>
<p>Álvarez era socio de la Asociación Campesina de Trabajadores de Argelia. Además, coordinaba procesos de asociación campesina en la vereda Mirolindo, del corregimiento El Plateado, y trabajaba con el comité cocalero de esa localidad.</p>"
11. Yaneth Calvache,11,0011,Yaneth Calvache,Balboa,Cauca,"Balboa, Cauca, Colombia",POINT (-77.216606 2.040728),-77.216606,2.040728,2016-12-30,30-Dec-2016,"Integrante de ASTCABAL -FAENSUAGRO, CUT y PUPSOC",Femenino,,"<p>A Yaneth la mataron en su habitación. Cuando abrió la puerta de su cuarto para recibir un teléfono celular, un sujeto le disparó cuatro veces. Tres balas impactaron en el pecho y una en la mandíbula. Aunque fue auxiliada por su familia y amigos, murió cuando era trasladada al hospital.</p>
<p>Yaneth era integrante de la Asociación de Trabajadores Campesinos de Balboa, Cauca, y hacía parte del Proceso de Unidad Popular del Suroccidente Colombiano, uno de los colectivos campesinos más articulados en esa región del país.</p>"
58. Mario Jacanamijoy,58,0058,Mario Jacanamijoy,Belén de Andaquies,Caquetá,"Belén de Andaquies, Caquetá, Colombia",POINT (-75.87266 1.41608),-75.87266,1.41608,2017-11-25,25-Nov-2017,Consejero departamental de salud en la Mesa de Concertación de Pueblos Indígenas,Masculino,,"<p>La noticia fue confirmada por la Organización Nacional de Pueblos Indígenas de la Amazonía de Colombia (APIAC), por medio de un comunicado de prensa.  El cuerpo de Mario, quien se desempeñaba como consejero departamental de salud en la Mesa de Concertación de Pueblos Indígenas del Caquetá, fue encontrado con señales de tortura en la vereda de Buenos Aires del municipio de Belén de los Andaquies, en Caquetá.</p>
<p>&nbsp;</p>"
24. Fabián Rivera,24,0024,Fabián Rivera,Bello,Antioquia,"Bello, Antioquia, Colombia",POINT (-75.55958869999999 6.336728799999999),-75.5595887,6.3367288,2017-03-02,02-Mar-2017,Presidente JAC Rosalpi,Masculino,,"<p>El 02 de marzo de 2017, hombres encapuchados acabaron con la vida de otro dirigente comunitario, en Bello, Antioquia. Se trata de Fabián Rivera, presidente de la Junta de Acción Comunal Rosalpi, que fue interceptado por varios hombres encapuchados mientras viajaba en su moto. Los sicarios le dispararon y le causaron la muerte.</p>
<p>El hecho, según medios de comunicación regionales, sucedió “en cercanías al cementerio San Andrés, en la diagonal 61 con la avenida 49, en el barrio Niquía Camacol, sector que está bajo el control de la banda que lidera alias el Tío y que está aliada con la banda El Mesa”.</p>
<p>En un comunicado público, la Asociación Municipal de Juntas de Acción Comunal de Bello rechazó “el vil crimen de este líder comunal” y le solicitó a “las autoridades competentes hallar a los responsables del hecho”.</p>"
21. Wilfredy Gómez Noreña,21,0021,Wilfredy Gómez Noreña,Bogotá,Cundinamarca,"Bogotá, Cundinamarca, Colombia",POINT (-74.072092 4.710988599999999),-74.072092,4.7109886,2017-01-29,29-Jan-2017,Líder comunitario de Usme,Masculino,,"<p>Wilfredy Gómez Noreña, un bogotano de 32 años, era desde hace tiempo el representante de una asociación comunal de Usme, al sur de la capital. Hacía parte de la mesa de Derechos Humanos de la ciudad y ya había recibido amenazas por parte de un grupo conocido como Los Rastrojos.</p>
<p>Hasta que el 29 de enero, hombres encapuchados llegaron al barrio Compostela, en Usme, y lo asesinaron. Gómez Noreña había sido mencionado en panfletos amenazantes por su liderazgo social, y no contaba con ninguna medida de protección. El caso, según el alcalde de esta localidad bogotana, quedó en manos de la Fiscalía, quien investiga los posibles autores del crimen.</p>"
14. Emilsen Manyoma,14,0014,Emilsen Manyoma,Buenaventura,Valle del Cauca,"Buenaventura, Valle del Cauca, Colombia",POINT (-77.01972119999999 3.8830471),-77.0197212,3.8830471,2017-01-17,17-Jan-2017,Líder de la red CONPAZ,Femenino,,"<p>Esta líder de 31 años y su esposo se convirtieron en las dos primeras víctimas de violencia armada en Buenaventura en 2017, según la Fiscalía. Emilsen era una reconocida líder y defensora de derechos humanos de la región del Bajo Calima y miembro de la Red Conpaz, que busca construir paz desde los territorios.</p>
<p>“De acuerdo con el director del CTI en el municipio, Omar Bonilla, los homicidios se habrían hecho con arma blanca. Los cadáveres, que se encontraron en un avanzado estado de descomposición, fueron hallados en una zona selvática al lado de la vía férrea de Buenaventura, en la vereda El Limonar del Barrio El Progreso”, dijo el periódico El Espectador días después del fallecimiento de Manyoma.</p>
<p>Emilsen era activista política y líder social desde 2005, y denunció duramente tanto la presencia paramilitar como el tráfico de drogas en el barrio El Calima, uno de los más peligrosos de Buenaventura.</p>"
72. Temístocles Machado,72,0072,Temístocles Machado,Buenaventura,Valle del Cauca,"Buenaventura, Valle del Cauca, Colombia",POINT (-77.01972119999999 3.8830471),-77.018,3.884,2018-01-27,27-Jan-2018,Vocero de la Comuna 6 y líder social en el Paro Cívico,Masculino,,"<p>A finales de noviembre, Don Temis, como era conocido en la Comuna 6 de Buenaventura, habló con nosotros y nos contó sobre las <a href=""http://pacifista.co/mi-unica-proteccion-es-dios-pase-un-dia-con-un-lider-social-amenazado/"">amenazas</a> que reposaban en su contra. En ese momento llevaba diferentes procesos para recuperar las tierras del barrio Isla de la Paz, codiciado por diferentes empresas por su ubicación estratégica en el puerto. A Temístocles lo asesinaron el sábado 27 de enero pasadas las cinco de la tarde. Dos sujetos en moto le propinaron tres disparos, dos en el tórax y uno en la cabeza. La Misión de Verificación de la ONU confirmó y rechazó el asesinato. El Comité del Paro Cívico de Buenaventura, del cual Temístocles hacía parte, también manifestó su rechazo y dejó en claro que la <a href=""http://pacifista.co/la-esperanza-que-dejo-temistcoles-no-la-vamos-a-dejar-morir/"">lucha por las tierras continuaría</a>.</p>"
37. Manuel Fernando Vélez López,37,0037,Manuel Fernando Vélez López,Buenos Aires,Cauca,"Buenos Aires, Cauca, Colombia",POINT (-76.643755 3.01334),-76.643755,3.01334,2017-06-21,21-Jun-2017,Líder sindical de la Universidad del Valle,Masculino,,"<p>A las 9 de la noche del miércoles 21 de junio, hombres encapuchados entraron a la casa del dirigente sindical Manuel Vélez, mientras estaba con su familia. Según la denuncia del movimiento social y político Marcha Patriótica, &#8220;estos hombres amordazaron a las personas que se encontraban en la vivienda, así como al compañero Mauricio, y se lo llevaron del lugar&#8221;.</p>
<p>El informe dice que, &#8220;horas más tarde fue encontrado con un impacto de arma de fuego en su cabeza y con signos de tortura en su rostro&#8221;. Vélez López era integrante y fiscal del Sindicato Mixto de Trabajadores de las Universidades Públicas Nacionales - SINTRAUNAL VALLE DEL CAUCA.</p>
<p>Según el periódico Realidad 360 de Cali, Vélez tenía 43 años y en el año 2010 había hecho parte de la junta directiva del Nuevo América S.A, cuando el equipo estaba bajo la dirección de Jorge ‘El Patrón’ Bermúdez.</p>"
9. Olmedo Pito,9,0009,Olmedo Pito García,Caloto,Cauca,"Caloto, Cauca, Colombia",POINT (-76.408081 3.033544),-76.408081,3.033544,2017-01-09,09-Jan-2017,Integrante coordinación CONPI y Marcha Patriótica,Masculino,,"<p>El 9 de enero de 2017, Marcha Patriótica denunció el asesinato de Olmedo Pito, comunero del resguardo Huellas Caloto, de indígenas Nasa, en el Cauca. Según esa organización, Pito fue asesinado en el corregimiento El Palo, de Caloto, a las 11:30 p.m., luego de “departir en un establecimiento público del corregimiento con algunas personas”. Dice la denuncia que, cuando el comunero se disponía a volver a su casa, “desconocidos se le acercaron y le propinaron tres heridas de arma blanca, dejándolo mal herido”. Murió camino al hospital.</p>
<p>Pito era, además de militante de Marcha, miembro del Movimiento de los Sin Tierra Nietos de Manuel Quintín Lame, del Proceso de Unidad Popular del Suroccidente Colombiano y de la Coordinación Nacional de Pueblos Indígenas de Colombia. El pasado 11 de enero, la Fiscalía informó que, presuntamente, fue asesinado por un hombre llamado Jesús Armando Troches, que lo atacó luego de que ambos tuvieran una “fuerte discusión”. El ente acusador dijo que el asesinato del comunero “no fue motivado por la condición de líder ni por hechos relacionados con la defensa"
73. Nixon Mutis Sossa,73,0073,Nixon Mutis Sossa,Cantagallo,Bolívar,"Cantagallo, Bolívar, Colombia",POINT (-73.91912099999999 7.381529999999999),-73.919121,7.38153,2018-01-27,27-Jan-2018,Presidente de la JAC de la vereda Chaparral,Masculino,,"<p>Mutis era presidente de la Junta de Acción Comunal de la vereda Chaparral, del municipio Cantagallo, Bolívar. Según información de la Policía departamental, Mutis fue asesinado tras recibir varios impactos de bala. Nixon Mutis era reconocido en la región por su trabajo como promotor de la erradicación y sustitución de cultivos de uso ilícito. “Parece que el asesinato es producto de las acciones de una banda que delinque en el sur, robando combustible y haciendo otro tipo de fechorías&#8221;, dijo el gobernador de Bolívar, Dumek Turbay.</p>"
13. José Yimer Cartagena,13,0013,José Yimer Cartagena,Carepa,Antioquia,"Carepa, Antioquia, Colombia",POINT (-76.6554309 7.755354),-76.6554309,7.755354,2017-01-11,11-Jan-2017,Vicepresidente de la asociación campesina del Alto Sinú -ASODECAS-,Masculino,,"<p>La policía de Carepa, un municipio del Urabá antioqueño, confirmó el 11 de enero la muerte del líder social Jose Yímer Cartagena. En circunstancias desconocidas, y mientras se desplazaba por la vereda Saiza, de ese municipio, varios sujetos acabaron con la vida del vicepresidente de la Asociación Campesina del Alto Sinú (Asodecas) y líder del movimiento político Marcha Patriótica.</p>
<p>La Defensoría del Pueblo se refirió al caso de este líder asesinado poco después de su muerte. “Condenamos el asesinato de José Yimer Cartagena Úsuga, vicepresidente de Asodecas. ¡Basta ya con la muerte de líderes sociales y de derechos humanos!”, indicó el organismo en su cuenta oficial en Twitter.</p>"
41. Ezequiel Rangel,41,0041,Ezequiel Rangel,Carmen,Norte de Santander,"Carmen, Norte de Santander, Colombia",POINT (-73.44879999999999 8.50874),-73.4488,8.50874,2017-07-16,16-Jul-2017,Responsable veredal de la Asociación Campesina del Catatumbo - ASCAMCAT,Masculino,,"<p>&#8220;Cerca de las 5:30 P.M. el compañero y líder Ezequiel Rangel se ausentó de su vivienda y a las 10:00 P.M. se rumoró que el compañero era conducido en una motocicleta en la vía que conduce a la vereda Santa Inés&#8221;, escribió la Asociación de Campesinos del Catatumbo &#8211; Ascamcat. Fue el 16 de julio de 2017.</p><div class='mailmunch-forms-in-post-middle' style='display: none !important;'></div>
<p>A las cinco de la mañana del día siguiente, la organización denunció a través de un comunicado que &#8220;por medio de una llamada telefónica le informan a sus familiares que el señor Ezequiel Rangel se encontraba sin vida en la vereda Vegas de Aguilar, con múltiples impactos por arma de fuego&#8221;.</p>
<p>Aún no hay información oficial sobre el asesinato.</p>"
51. José Luis García Berrío,51,0051,José Luis García Berrío,Cartagena,Bolívar,"Cartagena, Bolívar, Colombia",POINT (-75.47942569999999 10.3910485),-75.4794257,10.3910485,2017-10-05,05-Oct-2017,"Presidente JAC sector ""3 de Junio"" del barrio Nelson Mandela",Masculino,,"<p>De acuerdo con <a href=""http://www.eluniversal.com.co/sucesos/asesinan-presidente-del-sector-3-de-junio-de-nelson-mandela-263510"">El Universal de Cartagena </a> y denuncias del Concejo de la ciudad, sicarios motorizados asesinaron a José Luis García Berrío en el barrio Nelson Mandela, donde ejercía como presidente de la Junta de Acción Comunal del sector 3 de Junio. El homicidio se presentó justo en frente de su casa.  El hecho fue denunciado, en primera instancia, por miembros de la Junta de Acción Comunal.</p>"
77.Elkin Fabián Toro,77,0077,Elkin Fabián Toro,Catatumbo,Norte de Santander,"Catatumbo, Norte de Santander, Colombia",POINT (-72.28454769999999 9.1845236),-72.2845477,9.1845236,2018-02-17,17-Feb-2018,Exintegrante de la JAC del municipio de El Tarra,Masculino,,"<p>Toro vivía en San Calixto, Norte de Santander. Tanto en ese territorio como en la vereda Filo el Gringo del municipio de El Tarra, donde fue asesinado con seis impactos de bala, ejercía un trabajo de liderazgo social. Hasta octubre de 2017, por diferentes razones, entre ellas la seguridad, dejó de ocupar cargos administrativos en la Junta de Acción Comunal. Toro estudió en la Escuela de Administración Pública y colaboraba frecuentemente con emisoras locales.Tenía 36 años de edad y tres hijos.</p>"
38. Alberto Román Acosta,38,0038,Alberto Román Acosta,Cerrito,Valle,"Cerrito, Valle, Colombia",POINT (-76.312996 3.684084),-76.312996,3.684084,2017-07-01,01-Jul-2017,Presidente de SINTRAINACRO GUACARÍ,Masculino,,"<p>El sábado primero de julio, a las 11 de la mañana, Alberto Román Acosta estaba en la cancha de fútbol La Saga del barrio Santa Bárbara en el municipio de Cerrito, en el Valle del Cauca. Acompañaba a su hijo a un partido, cuando dos personas se le acercaron. Se bajaron de una moto y, sin decirle nada, le dispararon.</p>
<p>Acosta, que durante años fue el presidente de Sintrainagro (la asociación sindical que reúne a la mayoría de corteros de caña en este municipio) fue trasladado al hospital San Rafael de este municipio, donde falleció.</p>"
22. Eider Cuetía Conda,22,0022,Eider Cuetía Conda,Corinto,Cauca,"Corinto, Cauca, Colombia",POINT (-76.25880200000002 3.174159),-76.258802,3.174159,2017-02-26,26-Feb-2017,Miembro de la seguridad campesina,Masculino,,"<p>El 26 de enero, en zona rural del municipio de Corinto, en el Cauca, un miembro de la Seguridad Campesina conocido como Eider Cuetía Conda fue asesinado por “hombres encapuchados que le dispararon varias veces desde una moto”, según le contó a ¡Pacifista! un miembro de la comunidad.</p>
<p>La Seguridad Campesina es un mecanismo creado en el Catatumbo por miembros de asociaciones comunitarias, que se está replicando en varias veredas del Cauca. Justamente en Corinto, líderes sociales han denunciado la presencia de hombres encapuchados y la aparición de graffitis alusivos a las Autodefensas Gaitanistas de Colombia.</p>"
27. Javier Oteca,27,0027,Javier Oteca,Corinto,Cauca,"Corinto, Cauca, Colombia",POINT (-76.25880200000002 3.174159),-76.257,3.173,2017-03-22,22-Mar-2017,Líder indígena de liberación de la tierra en la finca El Guanábano,Masculino,,"<p>El 22 de marzo a la 1.40 de la tarde, Javier Oteca fue asesinado en la finca Miraflores del municipio de Corinto, en el Cauca. Según la Asociación de Cabildo Indígenas del Norte del Cauca (Acin), &#8220;este hecho fue perpetrado por personal que labora en los ingenios azucareros, (&#8230;) a escasos metros donde se encuentra el ejército y la policía nacional.</p>"
87. Ramón Ascue,87,0087,Ramón Ascue,Corinto,Cauca,"Corinto, Cauca, Colombia",POINT (-76.25880200000002 3.174159),-76.2589,3.1744,2018-05-15,15-May-2018,Lider indígena de la vereda Pan de Azúcar de la comunidad indígena de Corinto,Masculino,,"<p>La Asociación de Cabildos Indígenas del Norte del Cauca (ACIN) reportó en la mañana del martes 15 de mayo el asesinato de Ramón Ascue, líder indígena y &#8220;liberador de la madre tierra&#8221; en la vereda Pan de Azúcar en Corinto, Cauca. Los hechos se presentaron en la noche del 14 de mayo en la cabecera municipal de Corinto, donde dos sicarios en moto siguieron al líder hasta su casa y le dispararon en varias ocasiones con arma de fuego. Ascue era un líder reconocido por trabajar en la restitución de tierras. De acuerdo con la organización indígena, Ascue y otros líderes habían recibido amenazas por reclamarle territorios a privados y al Estado.</p>"
67. Mario Dumar Rojas,67,0067,Mario Dumar Rojas,Cumaral,Meta,"Cumaral, Meta, Colombia",POINT (-73.48805200000001 4.271262),-73.488052,4.271262,2017-12-29,29-Dec-2017,Presidente de la JAC de la vereda Yarí de Cumaral,Masculino,,"<p>El pasado 29 de diciembre, en la cancha de fútbol del barrio Limón de Cumaral, Meta, fue asesinado Mario Dumar Rojas, presidente de la Junta de Acción Comunal de la vereda El Yarí de Cumaral. Rojas había sido candidato a la Asamblea del Meta avalado por el partido Centro Democrático. El senador Álvaro Uribe Vélez comunicó el asesinato a través de su cuenta de Twitter y posteriormente fue corroborado por la Policía departamental. Uribe pidió a las autoridades investigar lo ocurrido.</p>"
18. Edilberto Cantillo,18,0018,Edilberto Cantillo,El Copey,Cesar,"El Copey, Cesar, Colombia",POINT (-73.960233 10.148976),-73.960233,10.148976,2017-02-04,04-Feb-2017,Presidente JAC de Entre Ríos y testigo de restitución de tierras,Masculino,,"<p>El 5 de febrero, a las 7 de la noche, dos hombres llegaron a la vereda Entre Ríos, en el municipio del Copey en Cesar. Le preguntaron a Edilberto por su nombre y cuando respondió, lo mataron a tiros. Tenía 55 años, hacía parte de la Asociación Veredal de Víctimas y era reconocido en el pueblo como un activo reclamante de tierras.</p>
<p>&#8220;El gobierno está hablando de paz, pero no nos está garantizando a las víctimas la vida; hoy asesinan a un compañero de nuestra comunidad y mañana no se sabe si de pronto será otro, ya hay personas que se desplazaron”, le dijo al periódico El Pilón de Valledupar Deyis Carmona Tejada, líder de víctimas del municipio de El Copey y miembro del Comité de Justicia de Transicional de la Mesa de Víctimas.</p>"
42. Nidio Dávila,42,0042,Nidio Dávila,El Rosario,Nariño,"El Rosario, Nariño, Colombia",POINT (-77.335095 1.74307),-77.335095,1.74307,2017-08-06,06-Aug-2017,Miembro de ASTRACAN - El Rosario,Masculino,,"<p>El 6 de agosto, según un informe de la Comisión de Derechos Humanos de Marcha Patriótica, 20 hombres “vistiendo prendas privativas de las fuerzas militares y portando armas de largo alcance” llegaron a la vereda Piedra Grande del corregimiento Esmeraldas, en El Rosario, a cobrarle “un impuesto”.</p>
<p>Nidio se negó. De inmediato, según la denuncia, “el grupo de hombres armados sacan a la fuerza a Nidio de su hogar y dirigiéndose a todos los habitantes de la vereda les dicen: “(sic) vamos a matar a todos los que vienen a hablar de sustitución y a todos los campesinos que estén de acuerdo con eso de la sustitución””.</p>
<p>Horas más tarde, en un sector conocido como El Cable, “frente a todas las personas que allí se encontraban le disparan y lo arrojan al Río Verde”, según el documento de Marcha Patriótica.</p>"
20. Faiver Cerón Gómez,20,0020,Faiver Cerón Gómez,Esmeraldas,Cauca,"Esmeraldas, Cauca, Colombia",POINT (-77.05055999999999 1.75086),-77.05056,1.75086,2017-02-18,18-Feb-2017,Presidente JAC del corregimiento de Esmeraldas-Mercaderes,Masculino,,"<p>Cuando Faiver regresó de una reunión con autoridades locales y miembros de la Gobernación del Cauca, fue alcanzado por dos hombres en moto. Ahí, a 10 minutos de la cabecera municipal  lo detuvieron y le dispararon en varias ocasiones. Mataron el 19 de febrero al presidente de la Junta de Acción Comunal del corregimiento de Esmeraldas, en el municipio de Mercaderes.</p>
<p>El propio presidente Santos le pidió a las autoridades que investiguen el caso: &#8220;&#8221;He solicitado a la @PoliciaColombia y @FiscaliaCol esclarecer de inmediato el asesinato del pdte de la JAC del corregimiento de Esmeraldas, Cauca&#8221;.</p>"
3. Samir López,3,0003,Samir López Visbal,Galapa,Atlántico,"Galapa, Atlántico, Colombia",POINT (-74.88382299999999 10.898923),-74.883823,10.898923,2016-12-02,02-Dec-2016,Líder concejal de Galapa por la ASI,Masculino,,"<p>A comienzos de diciembre, la Policía informó que un hombre asesinó con arma blanca al concejal Samir López Visbal en su propia casa. La onegé Caribe Afirmativo, que defiende los derechos de las personas LGBTI en la costa atlántica, informó que el concejal, de la Alianza Social Independiente, “se encontraba gestionando la creación de una oficina para la atención de las personas con orientación sexual e identidades de género diversas”. Por eso, le pidió a la Fiscalía que investigara si el homicidio tuvo relación con su orientación sexual, pues López Visbal era abiertamente gay.</p>
<p>La organización dijo, además, que López había recibido amenazas por hacerle oposición al alcalde de Galapa José Fernando Vargas, de Cambio Radical, destituido en octubre de 2016 por inscripción indebida.</p>
<p>En un comunicado, la alcaldía de Galapa declaró que los hechos “no tienen relación con temas atienentes al ejercicio político”, aunque aún no han concluido las investigaciones. La Policía capturó al presunto asesino.</p>"
34. Mario Andrés Calle Correa,34,0034,Mario Andrés Calle Correa,Guacarí,Valle del Cauca,"Guacarí, Valle del Cauca, Colombia",POINT (-76.332471 3.762980999999999),-76.332471,3.762981,2017-05-14,14-May-2017,Presidente de la Asociación de Trabajadores Campesinos del Valle del Cauca,Masculino,,"<p>El 14 de mayo a las 9.30 de la mañana, desconocidos llegaron al Corregimiento Santa Rosa de Tapias, Vereda Pomares, del municipio de Guacarí en el Valle del Cauca buscando a  Mario Calle. Encapuchados, le dispararon tres veces y lo mataron en medio del pueblo. Calle tenía 40 años y era el presidente de Astracava subdirectiva Guacarí desde marzo de 2016.</p>
<h1>33. Jorge Chantre Achipiz</h1>"
40. Héctor William Mina,40,0040,Héctor William Mina,Guachené,Cauca,"Guachené, Cauca, Colombia",POINT (-76.393794 3.1329159),-76.393794,3.1329159,2017-07-14,14-Jul-2017,Líder afrodescendiente integrante de la Marcha Patriótica,Masculino,,"<p>A las 11:30 de la mañana del 14 de julio, cuatro hombres se acercaron a Héctor, un líder social de la comunidad afro en el Cauca y miembro del movimiento político Marcha Patriótica. Uno de ellos gritó “dale que ese es” y los encapuchados &#8220;procedieron a disparar un arma de fuego al parecer con revolver&#8221;, según el informe de la comisión de Derechos Humanos de Marcha Patriótica. Hasta ahora no se conoce más información del asesinato.</p>"
76. Jesús Orlando Grueso Obregón,76,0076,Jesús Orlando Grueso Obregón,Guapi,Cauca,"Guapi, Cauca, Colombia",POINT (-77.885469 2.571287),-77.885469,2.571287,2018-02-10,10-Feb-2018,Miembro del Consejo Comunitario del Río Guapi,Masculino,,"<p>Dos organizaciones, el Consejo Comunitario del Río Guapi y la Coordinadora Nacional de Cultivadores de Coca, Amapola y Marihuana (Coccam), denunciaron el asesinato de Jesús Orlando Grueso, también conocido en la comunidad como <em>Kujar</em>. Las primeras hipótesis, tanto de las organizaciones como de la Policía, apuntan a  que <em>Kujar</em> fue asesinado por la guerrilla del ELN en la vereda La Soledad. Las organizaciones también denunciaron el asesinato de Jonathan Cundumí quien, a diferencia de Grueso que era vocero del Consejo Comunitario, era integrante del Movimiento Étnico y Popular del Pacífico.</p>
<p>Según Marino Grueso, hermano de Jesús Orlando, a su hermano lo asesinaron justo cuando estaba trabajando en pro de las candidaturas de Aida Avella y de otros aspirantes políticos, la mayoría de la Farc.</p>"
80. José Herrera,80,0080,José Herrera,Ituango,Antioquia,"Ituango, Antioquia, Colombia",POINT (-75.76468 7.172606999999999),-75.76468,7.172607,2018-03-22,22-Mar-2018,Líder comunitario,Masculino,,"<p>En la vereda Filadelfia, Ituango –<a href=""http://pacifista.co/en-estas-zonas-es-donde-las-disidencias-mas-sabotean-el-proceso-de-paz/""> escenario en disputa por el Clan del Golfo y las disidencias de los frentes 18 y 36 de las Farc </a>–fue asesinado José Herrera, reconocido líder campesino en el Norte y Bajo Cauca Antioqueño. Como fundador de la Asociación Campesina del Bajo Cauca y presidente de la Junta de Acción Comunal de la vereda La Meseta estaba trabajando en diferentes proyectos agrícolas que llegaron después del Acuerdo de Paz. El asesinato de Herrera también fue un mensaje de intimidación para la comunidad de <a href=""http://pacifista.co/si-regresamos-nuestra-unica-garantia-es-la-muerte-lider-embera-de-cordoba/"">San José de Uré</a>, Córdoba, en donde los grupos armados posdesmovilización también han amenazado a la población que de alguna manera u otra se oponga al tráfico de estupefacientes.</p>"
92. Francisco José Guerra,92,0092,Francisco José Guerra,Ituango,Antioquia,"Ituango, Antioquia, Colombia",POINT (-75.76468 7.172606999999999),-75.765,7.174,2018-06-12,12-Jun-2018,Líder comunal,Masculino,,"<p>La Acción Comunal en Colombia lamenta el fallecimiento de otro de sus líderes: Francisco José Rueda, presidente de la Junta de Acción Comunal de la vereda de Mandarino, en el municipio antioqueño de Ituango, fue abaleado por unos sujetos que llegaron en moto hasta su casa. <a href=""https://www.bluradio.com/medellin/extrana-muerte-del-presidente-de-junta-de-accion-comunal-de-mandarino-ituango-181230-ie430"" target=""_blank"">Según</a> Jaime Gutiérrez, que se desempeña como defensor de Derechos Humanos en la zona, Guerra &#8220;se movía por los intereses de la comunidad&#8221; y no estaba amenazado. En este momento, a Ituango se lo disputan la Autodefensas Gaitanistas de Colombia y disidencias de este grupo y de las Farc. Es también una zona importante para el narcotráfico.</p>"
95. José Abraham García,95,0095,José Abraham García,Ituango,Antioquia,"Ituango, Antioquia, Colombia",POINT (-75.76468 7.172606999999999),-75.763,7.172,2018-06-25,25-Jun-2018,Líder comunitario,Masculino,,"<p>José Abraham es el segundo líder del municipio antioqueño de Ituango asesinado en el mes de junio. Se desempeñaba como presidente de la Junta de Acción Comunal de la vereda Pascuita, del corregimiento de Santa Rita, a cuatro horas del casco urbano del municipio. Además de llevar 10 años en labor social y defensa de Derechos Humanos, García representaba los intereses de los pequeños y medianos cultivadores de coca de la zona. Según el Ejército Nacional, fue abaleado en su residencia por desconocidos la noche del lunes 25.</p>"
88.  Gabriel Muñoz Muñoz,88,0088,Gabriel Muñoz Muñoz,La Argentina,Huila,"La Argentina, Huila, Colombia",POINT (-75.978781 2.198444),-75.978781,2.198444,2018-05-27,27-May-2018,"Líder campesino integrante del proceso de veedurías ciudadanas ""Vemos Todo"" y coordinador de la campaña de Gustavo Petro",Masculino,,"<p>En plena jornada electoral del 27 de mayo, cuando se celebraban los comicios presidenciales,  se dio a conocer el asesinato de Gabriel Muñoz Muñoz, líder campesino del departamento del Huila. De acuerdo con información del movimiento Congreso de los Pueblos y la Coordinadora Nacional Agraria y Campesina del Huila, Muñoz fue asesinado en la vereda Las Águilas, ubicada a un kilómetro del casco urbano del municipio La Argentina, al sur del Huila. El líder campesino integraba el proceso de veedurías ciudadanas &#8220;Vemos Todo&#8221; y era coordinador local de la campaña de Gustavo Petro a la presidencia. La Policía departamental del Huila confirmó el asesinato y anunció una investigación en conjunto con la Fiscalía. Por ahora, la hipótesis de las autoridades apuntan a que el asesinato tendría que ver con una disputa familiar.</p>"
10. Aldemar Parra,10,0010,Aldemar Parra García,La Loma,Cesar,"La Loma, Cesar, Colombia",POINT (-73.59456999999999 9.619078999999999),-73.59457,9.619079,2017-01-07,07-Jan-2017,Presidente de la Asociación Apícola de El Hatillo,Masculino,,"<p>Fue asesinado en zona rural del corrimiento La Loma, del municipio El Paso (Cesar). Era el presidente de la Asociación Apícola del Cesar y sobrino del presidente de la junta de acción comunal de la vereda El Haltillo, de ese corregimiento. La comunidad de El Haltillo enfrenta un proceso de reubicación por cuenta de la contaminación del medio ambiente generada por la explotación carbonífera, y varios de sus líderes han sido amenazados por su labor en la defensa de los derechos humanos. Están a la espera de que la Unidad Nacional de Protección les asigne esquemas de seguridad.</p>
<p>Dos de las empresas que explotan carbón en la zona, Prodeco y Drummond, se pronunciaron sobre el hecho. La primera condenó el asesinato, hizo un llamado para que se investigara y dijo que a finales de 2016 “buscó la ayuda” del Programa de Desarrollo y Paz del Cesar para implementar medidas de prevención y protección para la comunidad. Drummond, por su parte, rechazó los hechos y dijo que Parra es empleado de Colombia Natural Resources, que también saca carbón de ese departamento.</p>
<p>El comandante (e) de la Policía en Cesar, coronel Mauricio Bonilla, dijo que Parra no era líder comunitario, pero que tres de sus familiares integran un comité de concertación con las empresas carboníferas. Tras el crimen, el Programa de Desarrollo y Paz expidió un comunicado en el que aseguró que “desde noviembre del año pasado advertimos sobre los riesgos que esta comunidad enfrentaba y ofrecimos nuestro apoyo para que se adoptaran medidas de prevención y protección”.</p>"
35. Álvaro Arturo Tenorio Cabezas,35,0035,Álvaro Arturo Tenorio Cabezas,Magüí Payán,Nariño,"Magüí Payán, Nariño, Colombia",POINT (-78.18182999999999 1.76526),-78.1818,1.76526,2017-05-18,18-May-2017,"Miembro del Movimiento Étnico yy Popular del Pacífico, de la COCCAM y de Marcha Patriótica",Masculino,,"<p>A las 4 de la tarde del 18 de mayo, desconocido abordaron a Álvaro Arturo y le dijeron que lo habían llamado para una reunión. El líder social &#8220;se dirigió al sitio de la reunión con sus dos hermanos y en el sitio Bocas de Guilpi sobre el rio Patía los desconocidos dispararon sus armas de fuego en contra de su humanidad&#8221;, según un informe de la Comisión de Derechos Humanos de Marcha Patriótica. Ese mismo documento señaló que a Tenorio Cabezas lo mataron de 10 disparos.</p>"
60. Édison Marcial Ortiz Bolaños,60,0060,Édison Marcial Ortiz Bolaños,Magüí Payán,Nariño,"Magüí Payán, Nariño, Colombia",POINT (-78.18182999999999 1.76526),-78.183,1.765,2017-11-30,30-Nov-2017,Representante del Consejo Comunitario Manos Amigas,Masculino,,"<p>En hechos aún por esclarecer, Édison Marcial Ortiz fue declarado desaparecido por el Ejército nacional tras la masacre que se reportó en la vereda Pueblo Nuevo del municipio Magüí Payán, Nariño. La <a href=""http://pacifista.co/marino-pueblo-nuevo-masacre-farc-eln-magui-payan-pacifsta/"">principal hipótesis </a>de las autoridades es que la guerrilla del ELN invadió la zona, donde hacían presencia disidentes del frente 29 de las Farc, el cual ha controlado el tráfico de gas y coca por décadas en esa región. El lunes 4 de diciembre, <a href=""https://www.elespectador.com/noticias/judicial/confirman-13-muertos-en-magui-payan-articulo-726574"">la Personería y la Alcaldía</a> del municipio confirmaron el hallazgo de 13 cadávares, dentro de los que se encontraba el del líder Édison Marcial Ortiz Bolaños.</p>"
93. Evelia Francisca Atencia Pérez,93,0093,Evelia Francisca Atencia Pérez,Maicao,La Guajira,"Maicao, La Guajira, Colombia",POINT (-72.2485171 11.3789335),-72.2485171,11.3789335,2018-06-12,12-Jun-2018,Profesora y promotora de la campaña de Gustavo Petro en Maicao,Femenino,,"<p>Evelia Francisca Atencia Pérez fue asesinada el jueves 21 de junio a la 1:00 p.m. en el municipio de Maicao, La Guajira. Dos personas que se transportaban en una motocicleta negra llegaron hasta su casa y le propinaron varios disparos. Evelia, de 51 años de edad, era profesora de la Institución Educativa No. 9, sede de 20 de julio. Era reconocida por su labora social y recientemente trabajó como promotora de la campaña presidencial de Gustavo Petro. Las autoridades investigan el caso, pues el esposo de Evelia fue asesinado en diciembre pasado en circunstancias similares. En los últimos meses las Águilas Negras han emitido panfletos amenazando a los líderes sociales y a las personas que trabajen con Gustavo Petro.</p>"
36. Bernardo Cuero Bravo,36,0036,Bernardo Cuero Bravo,Malambo,Atlántico,"Malambo, Atlántico, Colombia",POINT (-74.7746834 10.8575824),-74.7746834,10.8575824,2017-05-07,07-May-2017,Fiscal Nacional de AFRODES y miembro de la Mesa de Víctimas del Atlántico,Masculino,,"<p>Dos hombres se acercaron a Bernardo cuando él miraba un partido de fútbol en una cancha del barrio Villa Esperanza en Malambo, Atlántico. Venían un una moto negra y le preguntaron si por el área se arrendaba  algún apartamento, &#8220;cuando Bernardo se acercó para atender a los sujetos uno de ellos saco un arma y lo último en presencia de su compañera y demás familiares y luego huyeron del lugar&#8221;, según denunció la organización Afrodes, de la que él era el fiscal nacional.</p>
<p>Según la Defensoría del Pueblo, &#8220;Cuero Bravo denunció reiteradamente amenazas en contra de su vida. En este sentido, la Defensoría en su informe de riesgo “Violencia y amenazas contra los líderes sociales y los defensores de derechos humanos” del 30 de marzo de 2017 advirtió el peligro para los defensores de derechos humanos de Barranquilla, su área Metropolitana e integrantes de la Mesa de Víctimas departamental&#8221;.</p>"
81. María Magdalena Cruz Rojas,81,0081,María Magdalena Cruz Rojas,Mapiripán,Meta,"Mapiripán, Meta, Colombia",POINT (-72.13317500000001 2.892506),-72.133175,2.892506,2018-03-30,30-Mar-2018,Lideresa de sustitución de cultivos,Femenino,,"<p>El viernes 30 de marzo, la lideresa campesina María Magdalena Cruz sufrió un ataque en su casa, donde descansaba con su esposo y su hijo. De acuerdo con la Fundación para la Defensa de los Derechos Humanos y el Derecho Internacional Humanitario del Oriente y Centro de Colombia (DHOC), desconocidos llegaron al lugar y le propinaron varios disparos. A Cruz la reconocían por su trabajo por la sustitución de cultivos, como lo confirmó la Coordinadora Nacional de Cultivadores de Coca, Amapola y Marihuana (Coccam).  En Mapiripán hacen presencia tanto grupos paramilitares, como el Clan del Golfo, como disidencias de las Farc.</p>"
23. Alicia López Guisao,23,0023,Alicia López Guisao,Medellín,Antioquia,"Medellín, Antioquia, Colombia",POINT (-75.5812119 6.244203),-75.5812119,6.244203,2017-03-02,02-Mar-2017,Dirigente social de la Cumbre Agraria,Femenino,,"<p>El 2 de marzo de 2017, en pleno centro de Medellín, hombres armados se metieron en el taxi de Alicia López Guisao y la asesinaron. Alicia trabajaba en la ejecución del proyecto “Cumbre Agraria y Gobierno Nacional con Asokinchas – CNA en el departamento del Chocó”, según pudo conocer <i>¡Pacifista!</i>.</p>
<p>Al parecer, Alicia pertenecía a la organización Congreso de los Pueblos, pues en su cuenta en Twitter este movimiento político lamentó la muerte de la dirigente: “#DDHH Con indignación informamos del asesinato de la compañera Alicia López Guisao quien acompañaba proyecto @CumbreAgrariaOf del Chocó”, trinaron.</p>"
47.  Luis Fernando Gil,47,0047,Luis Fernando Gil,Medellín,Antioquia,"Medellín, Antioquia, Colombia",POINT (-75.5812119 6.244203),-75.5814,6.2446,2017-09-29,29-Sep-2017,Líder social,Masculino,,<p>La Policía Nacional confirmó que fue asesinado el pasado 29 de septiembre en la comuna 5 de Medellín. Trabajaba con la Mesa de Derechos Humanos y el movimiento Tierra en Resistencia. Trabajó tres años como líder social. La principal hipótesis es que lo mataron bandas criminales que lo veían como una barrera para cometer sus actividades delictivas en la Comuna 5.</p>
54.  Liliana Patricia Cataño Montoya,54,0054,Liliana Patricia Cataño Montoya,Medellín,Antioquia,"Medellín, Antioquia, Colombia",POINT (-75.5812119 6.244203),-75.583,6.243,2017-10-18,18-Oct-2017,Líder comunitaria de la Comuna 13,Femenino,,"<p>Fue encontrada en la tarde del miércoles 18 de octubre, cerca de su vivienda en el barrio El Socorro. Llegó sin signos vitales al Hospital San Javier, en Medellín, luego de haber recibido cuatro impactos de bala. Según lo reseñado por <a href=""http://www.elcolombiano.com/antioquia/seguridad/homicidio-de-mujer-en-la-comuna-13-XB7524123"">El Colombiano</a>, las autoridades descartan que su muerte haya sido un feminicidio, y la principal hipótesis es que Patricia, de 39 años, fue asesinada por un proceso de reclamación de predios que llevaba a cabo.</p>"
49. Ezquivel Manyoma,49,0049,Ezquivel Manyoma,Medio Baudó,Chocó,"Medio Baudó, Chocó, Colombia",POINT (-76.96430599999999 5.1334095),-76.964306,5.1334095,2017-10-07,07-Oct-2017,Ex-gobernador y promotor de salud indígena,Masculino,,"<p>El 6 de octubre fue secuestrado en su casa, ubicada en el municipio de Medio Baudó. Al día siguiente fue asesinado en horas de la madrugada. Manyoma era un promotor de la salud indígena y había sido gobernador del Resguardo Dabeiba Queracito, en Chocó. La comunidad atribuyó el asesinato a los &#8220;grupos paramilitares&#8221;. Naciones Unidas manifestó su rechazo frente al asesinato del líder social.</p>"
32. Diego Fernando Rodríguez,32,0032,Diego Fernando Rodríguez,Mercaderes,Cauca,"Mercaderes, Cauca, Colombia",POINT (-77.163397 1.795801),-77.163397,1.795801,2017-04-27,27-Apr-2017,Representante legal del Consejo Comunitario de Ganaplata y Canei,Masculino,,"<p>El representante legal del Consejo Comunitario de Ganaplata y Canei, dos veredas del municipio de Mercaderes, en el Cauca, fue encontrado sin vida este jueves. Al parecer, fue asesinado con arma blanca. Rodríguez era un reconocido líder social de la región y había sido el presidente de la Junta de Acción Comunal de esas veredas en el periodo pasado. Las autoridades investigan las circunstancias en las que fue asesinado el líder social.</p>"
25. José Antonio Anzola,25,0025,José Antonio Anzola Tejedor,Mesetas,Meta,"Mesetas, Meta, Colombia",POINT (-74.043801 3.381995),-74.043801,3.381995,2017-03-05,05-Mar-2017,Miembro del sindicato de trabajadores Agrícolas Independientes del Meta (SINTRAGRIM),Masculino,,"<p>Dos sindicalistas fueron asesinados el domingo 5 de marzo en “la finca Guayabetal ubicada en la vereda Alto Gobernador del municipio de Mesetas”, de acuerdo con un comunicado emitido por la Policía del Meta. Se trata de Luz Ángela Anzola Triana, de 45 años, quien, según las autoridades “fue objeto de atentado contra su humanidad, presentando herida por arma de fuego en la región temporal izquierda”. Con ella murió su hermano José Antonio Anzola Tejedor, de 61 años, quien “fue encontrado sin vida en la vereda Buenos Aires de Mesetas, con heridas de arma de fuego en diferentes partes del cuerpo”, según el mismo comunicado de la Policía. Fuentes consultadas por <i>¡Pacifista!</i>, los hermanos Anzola militaban desde hace tiempo en el partido Comunista y eran beneficiarios de uno de los proyectos conjuntos entre la organización Cumbre Agraria y el ministerio de Agricultura. En un principio las autoridades dijeron que ellos habían intentado robar una finca, y que por eso los habían matado, pero estas mismas fuentes, y el comunicado posterior de la Policía, desvirtuaron esa información. Estos campesinos son los dos primeros líderes sociales asesinados en el Meta desde que comenzó la implementación de los acuerdos de paz el pasado primero de diciembre. La cifra, que aumenta drásticamente, aún no parece llamar la atención del gobierno ya que ningún funcionario se ha referido ni a estos ni a ninguno de los 26 homicidios.</p>"
26. Luz Ángela Anzola Tejedor,26,0026,Luz Ángela Anzola Tejedor,Mesetas,Meta,"Mesetas, Meta, Colombia",POINT (-74.043801 3.381995),-74.0426,3.3791,2017-03-06,06-Mar-2017,Miembro del sindicato de trabajadores Agrícolas Independientes del Meta (SINTRAGRIM),Femenino,,"<p>Dos sindicalistas fueron asesinados el domingo 5 de marzo en “la finca Guayabetal ubicada en la vereda Alto Gobernador del municipio de Mesetas”, de acuerdo con un comunicado emitido por la Policía del Meta. Se trata de Luz Ángela Anzola Triana, de 45 años, quien, según las autoridades “fue objeto de atentado contra su humanidad, presentando herida por arma de fuego en la región temporal izquierda”. Con ella murió su hermano José Antonio Anzola Tejedor, de 61 años, quien “fue encontrado sin vida en la vereda Buenos Aires de Mesetas, con heridas de arma de fuego en diferentes partes del cuerpo”, según el mismo comunicado de la Policía. Fuentes consultadas por <i>¡Pacifista!</i>, los hermanos Anzola militaban desde hace tiempo en el partido Comunista y eran beneficiarios de uno de los proyectos conjuntos entre la organización Cumbre Agraria y el ministerio de Agricultura. En un principio las autoridades dijeron que ellos habían intentado robar una finca, y que por eso los habían matado, pero estas mismas fuentes, y el comunicado posterior de la Policía, desvirtuaron esa información. Estos campesinos son los dos primeros líderes sociales asesinados en el Meta desde que comenzó la implementación de los acuerdos de paz el pasado primero de diciembre. La cifra, que aumenta drásticamente, aún no parece llamar la atención del gobierno ya que ningún funcionario se ha referido ni a estos ni a ninguno de los 26 homicidios.</p>"
29. Eliver Buitrago,29,0029,Eliver Buitrago Rodríguez,Mesetas,Meta,"Mesetas, Meta, Colombia",POINT (-74.043801 3.381995),-74.0444,3.3837,2017-04-02,02-Apr-2017,Presidente JAC de la vereda Buenos Aires,Masculino,,"<p>Este domingo 2 de abril, en pleno casco urbano del municipio de Mesetas, en el Meta, fue asesinado el presidente de la Junta de Acción Comunal de la vereda Buenos Aires de ese lugar. Desconocidos mataron a disparos a Elber Buitrago, en hechos que todavía son materia de investigación. Al día siguiente, los campesinos decidieron bloquear la carretera para protestar por el homicidio de este líder social.</p>
<h1>28. Alvenio Rosero</h1>"
33. Jorge Chantre Achipiz,33,0033,Jorge Chantre Achipiz,Jamundí,Valle del Cauca,"Jamundí, Valle del Cauca, Colombia",POINT (-76.549706 3.246433),-76.549706,3.246433,2017-05-04,04-May-2017,Secretario del Cabildo Nasa de Pueblo Nuevo,Masculino,,"<p>En la tarde del jueves 5 de abril de 2017 fue asesinado el líder indígena y dirigente de la comunidad Nasa, quien se desempeñaba como secretario del Cabildo de Pueblo Nuevo, en el corregimiento de Mesetas, en el Valle del Cauca. Según la versión de los familiares Chantre estaba trabajando en un lote muy cerca a su casa, donde recibió un disparo en el abdomen. Su cuerpo fue trasladado al hospital de Jamundí, en el que sus seres queridos esperan el resultado de la necropsia.</p>"
5. Nataly Salas,5,0005,Nataly Salas,Montería,Córdoba,"Montería, Córdoba, Colombia",POINT (-75.8785348 8.750983),-75.8785348,8.750983,2016-12-03,03-Dec-2016,Estudiante de la Universidad de Córdoba,Femenino,,"<p>El 3 de diciembre, Nataly Salas fue encontrada muerta en una laguna de Montería. La estudiante de 19 años, que se perfilaba como una activista estudiantil, también fue violada según las primeras declaraciones de las autoridades.</p>
<p>El 14 de enero, más de 40 días después del asesinato, el papá de Nataly, Edwin Salas, le pidió a la Fiscalía que acelerara las investigaciones, pues hasta ese momento no habían encontrado ningún sospechoso del asesinato. “No estoy conforme con los que llevan este caso. Siempre que pregunto me dicen que el caso va adelantado, pero hasta el momento no hay capturas”, dijo Salas.</p>"
89. Carlos Jimmy Prado,89,0089,Carlos Jimmy Prado,Olaya Herrera,Nariño,"Olaya Herrera, Nariño, Colombia",POINT (-77.48647 1.24727),-77.48647,1.24727,2018-06-02,02-Jun-2018,Integrante de la Asociación de Consejos Comunitarios de Nariño - ASOCOETNAR,Masculino,,"<p>Carlos Jimmy Prado, defensor de derechos humanos en el litoral Pacífico de Nariño e integrante de la Asociación de Consejos Comunitario Asocoetnar, fue asesinado el pasado sábado 2 de mayo en Bocas de Satinga, cabecera municipal del municipio Olaya Herrera. De acuerdo con la Defensoría del Pueblo, Prado denunció amenazas en su contra desde 2017. En la zona hace presencia la disidencia Guerrillas Unidas del Pacífico (GUP), al mando de alias David, y la guerrilla ELN. Esta zona es disputada por los grupos armados porque es un corredor estratégico para transportar drogas por la costa pacífica.</p>"
2. Luis Carlos Tenorio,2,0002,Luis Carlos Tenorio,Paez,Cáuca,"Paez, Cáuca, Colombia",POINT (-75.9928 2.65474),-75.9928,2.65474,2016-12-02,02-Dec-2016,Médico tradicional,Masculino,,"<p>En su informe sobre la situación de derechos humanos de 2016, la Cumbre Agraria, Campesina, Étnica y Popular denunció el asesinato del médico tradicional Luis Carlos Tenorio a manos de desconocidos. Las autoridades no se han pronunciado sobre el caso.</p>"
64. Alfonso Pérez Mellizo,64,0064,Alfonso Pérez Mellizo,Patía,Cauca,"Patía, Cauca, Colombia",POINT (-77.053095 2.069301),-77.053095,2.069301,2017-12-18,18-Dec-2017,"Presidente de la JAC, corregimiento Pan de Azúcar",Masculino,,"<p>Las autoridades policiales recibieron una alerta en la mañana del martes 19 de diciembre. Un cuerpo sin vida había sido hallado por la comunidad del corregimiento Pan de Azúcar, Cauca. La Policía regional del Cauca reportó que se trataba de Alfonso Pérez, integrante de la Junta de Acción Comunal del corregimiento. Según la esposa de la víctima, él salió de la casa en la noche del lunes a dialogar con diferentes vecinos de la comunidad. Al ver que no llegaba, emprendió la búsqueda. Lo encontraron a 400 metros del casco urbano del corregimiento, el cual queda a dos horas del municipio Patía.</p>"
44. Fernando Asprilla,44,0044,Fernando Asprilla,Piamonte,Cauca,"Piamonte, Cauca, Colombia",POINT (-76.31997199999999 1.117611),-76.319972,1.117611,2017-08-09,09-Aug-2017,Coordinador Marcha Patriótica en la vereda La Tigra,Masculino,,"<p>El viernes pasado, los habitantes de la vereda La Tigra en el municipio de Piamonte (Cauca) encontraron el cuerpo de Fernando Asprilla. Según denuncias de la comunidad, tenía impactos de bala. En principio, las denuncias apuntaban a que se trataba de un robo, pero horas más tarde y tras comprobar que no se habían llevado ni el dinero ni las pertenencias de Fernando, el movimiento Marcha Patriótica condenó en asesinato.</p>
<p>Asprilla se desempeñaba como presidente de la Junta de Acción Comunal de ese municipio, ubicado en la Baja Bota Caucana, y coordinaba las acciones políticas de Marcha Patriótica en esa zona. Según <a href=""http://enlineapopayan.com/asesinan-a-fernando-asprilla-lider-social-y-comunitario-en-piamonte-cauca/"">medios locales</a>, la Fiscalía está en la zona para investigar los hechos.</p>"
63. José Rafael de la Hoz Villa,63,0063,José Rafael de la Hoz Villa,Pivijay,Magdalena,"Pivijay, Magdalena, Colombia",POINT (-74.614654 10.461181),-74.614654,10.461181,2017-12-16,16-Dec-2017,Integrante de la Mesa de Participación de Víctimas,Masculino,,"<p>Fue asesinado el sábado 16 de diciembre en una finca del corregimiento Las Canoas. Fue encontrado con múltiples heridas profundas, al parecer de machete. José Rafael de la Hoz era conocido en el municipio de Pivijay, donde trabajaba como integrante de la Mesa de Víctimas. El día anterior al asesinato justamente se encontraba reunido con otras víctimas del municipio.  El caso fue confirmado por la Defensoría del Pueblo. Incluso, la gobernadora de Magdalena, Rosa Cotes, convocó a un consejo de seguridad extaordinario para esclarecer el asesinato.</p>"
74. María Yolanda Maturana,74,0074,Maria Yolanda Maturana,Pueblo Rico,Risaralda,"Pueblo Rico, Risaralda, Colombia",POINT (-76.0310499 5.222288),-76.0310499,5.222288,2018-02-01,01-Feb-2018,Defensora ambiental,Femenino,,"<p>De acuerdo con información de la Policía, María Yolanda Maturana, de 65 años, fue asesinada en su casa cuando un &#8220;sujeto ingresó y le propinó unos disparos con arma de fuego&#8221;. Maturana era reconocida como líder ambiental por la Defensoría del Pueblo. De hecho, la defensora regional de Risaralda, Elsa Gladys Cifuentes, fue quien denunció el caso en primera instancia. El asesinato ocurrió en Pueblo Rico, municipio de Risaralda. Maturana trabajaba principalmente entre la frontera de Risaralda y Chocó. Según la defensora, los indígena de la región han denunciado hostigamientos durante las últimas semanas.</p>"
7. Guillermo Veldaño,7,0007,Guillermo Veldaño,Puerto Asís,Putumayo,"Puerto Asís, Putumayo, Colombia",POINT (-76.500191 0.504929),-76.500191,0.504929,2016-12-12,12-Dec-2016,"Presidente JAC Buenos Aires, militante de Marcha Patriótica y filial a FENSUAGRO",Masculino,,"<p>Fue asesinado en zona rural de Puerto Asís (Putumayo). Era presidente de la junta de acción comunal de la vereda Buenos Aires e integrante del Sindicato de Trabajadores Campesinos del Cordón Fronterizo del Putumayo, que está afiliado a Fensuagro y a Marcha Patriótica. Su liderazgo se desarrollaba entre los corregimientos Teteyé y Puerto Vega, de Puerto Asís, donde los campesinos protestan frecuentemente por la explotación petrolera que realiza el Grupo Vetra, operador del Consorcio Colombia Energy.</p>
<p>El crimen ocurrió muy cerca de la vereda La Carmelita, uno de los puntos donde las unidades del bloque Sur de las Farc dejarán las armas y empezarán su proceso de reincorporación. En la zona dicen que Veldaño era un importante defensor del agua y del medio ambiente.</p>"
61. Luis Alfonso Giraldo,61,0061,Luis Alfonso Giraldo,Puerto Asís,Putumayo,"Puerto Asís, Putumayo, Colombia",POINT (-76.500191 0.504929),-76.501,0.506,2017-12-04,04-Dec-2017,Presidente de la JAC de la vereda Brasilia,Masculino,,"<p>Luis Alfonso Giraldo, quien era el presidente de la Junta de Acción Comunal de la vereda Brasilia en Puerto Asís, Putumayo, fue sorprendido en la madrugada del lunes 4 de diciembre por hombres encapuchados que llegaron a su casa y le propinaron varios disparos. De acuerdo con la Personería de Puerto Asís, el hombre tenía 48 años y era reconocido como líder social. En la zona donde fue asesinado hay presencia de las disidencias de los frentes 32, 48 y 49 de las Farc.</p>"
53. José María Eliécer Carvajal,53,0053,José María Eliécer Carvajal,Puerto Guzmán,Putumayo,"Puerto Guzmán, Putumayo, Colombia",POINT (-76.40798099999999 0.9637699999999999),-76.407981,0.96377,2017-10-19,19-Oct-2017,"Fiscal de la vereda Cañoavena, integrante de la Federación Comunal de Putumayo",Masculino,,"<p>La Federación Comunal del Putumayo dió a conocer el caso en la mañana del jueves 19 de octubre. José María Eliécer Carvajal era fiscal de la vereda Bajo Cañoavena en el municipio de Puerto Guzmán y era un integrante activo de la Federación. El Ministerio del Interior confirmó el asesinato, aunque las autoridades no se han pronunciado sobre los responsables o las causas del suceso. La Policía investiga el caso. Según la Federación, fue asesinado &#8220;por manos criminales de quienes siguen promulgando la guerra&#8221;.</p>"
65. Pablo Oviedo,65,0065,Pablo Oviedo,Puerto Leguízamo,Putumayo,"Puerto Leguízamo, Putumayo, Colombia",POINT (-74.77417000000001 -0.18024),-74.77417,-0.18024,2017-12-20,20-Dec-2017,Dirigente comunal de la vereda Puerto Colombia,Masculino,,"<p>Su caso se dio a conocer el miércoles 20 de diciembre. En la vereda Puerto Colombia del municipio de Puerto Asís, Putumayo, fue asesinado Pablo Oviedo, dirigente comunal de la zona. Oviedo, de 45 años, recibió varios disparos por parte de sujetos desconocidos. Su hija, Karen Oviedo, recibió el impacto de una de las balas y murió en el lugar de los hechos. El caso fue confirmado por la Secretaría de Gobierno de Puerto Asís.</p>"
15. Hernán Agames,15,0015,Hernán Agames,Puerto Libertador,Córdoba,"Puerto Libertador, Córdoba, Colombia",POINT (-75.67094399999999 7.887951999999999),-75.670944,7.887952,2017-01-19,19-Jan-2017,Integrante de Ascursor y Marcha Patriótica,Masculino,,"<p>En la vereda San Ciprian, del corregimiento Tierradentro, de Montelíbano (Córdoba), fue asesinado Hernán Agamez Flórez. Según la Asociación de Campesinos del Sur de Córdoba, afiliada a Marcha Patriótica, Agamez era “parte del comité cocalero y dinamizaba políticamente” la preparación de las comunidades para la fase de implementación de los puntos uno y tres del Acuerdo Final que firmaron el Gobierno y las Farc en La Habana.</p>
<p>De acuerdo con la Asociación, el cuerpo sin vida de Agamez fue trasladado desde San Ciprian hasta el corregimiento Juan José, en Puerto Libertador (Córdoba), por campesinos e integrantes de la guardia indígena Zenú San Jorge. Desde allí fue trasladado a la morgue del municipio de Puerto Libertador.</p>"
50. María Efigenia Vásquez Astudillo,50,0050,María Efigenia Vásquez Astudillo,Puracé,Cauca,"Puracé, Cauca, Colombia",POINT (-76.497159 2.341733),-76.497159,2.341733,2017-10-08,08-Oct-2017,Comunicadora del Consejo Regional Indígena del Cauca - CRIC,Femenino,,"<p>Fue asesinada el 8 de octubre en Puracé, Cauca, en medio de unos enfrentamientos entre la comunidad indígena Coconuco y el Esmad.  Se presentó en las inmediaciones del parque turístico Aguas Tibias. La comunidad indígena intentó ingresar a la fuerza al predio, el cual reclaman desde años atrás. María Efigenia era periodista de la comunidad indígena y resultó herida mientras realizaba el trabajo periodístico. Falleció en el Hospital San José de Popayán.</p>"
39. Eugenio Rentería Martínez,39,0039,Eugenio Rentería Martínez,Quibdó,Chocó,"Quibdó, Chocó, Colombia",POINT (-76.649812 5.695633),-76.649812,5.695633,2017-07-03,03-Jul-2017,Líder del paro cívico en Chocó,Masculino,,"<p>El 3 de julio, en el sector El Caraño de Quibdó, en Chocó, Eugenio Rentería Martínez fue encontrado sin vida “con signos de violencia como golpes contundentes y heridas de arma blanca” según reportó RCN radio. Rentería participó activamente en los paros cívicos de agosto del 2016 y mayo de 2017, que terminaron con acuerdos con el gobierno en los que, por ejemplo, el municipio de Belén de Bajirá pasó a ser parte del departamento de Chocó.</p>"
71. Eleazar Tequia Bitucay,71,0071,Eleazar Tequia Bitucay,Quibdó,Chocó,"Quibdó, Chocó, Colombia",POINT (-76.649812 5.695633),-76.648812,5.696633,2018-01-27,27-Jan-2018,Guardia Mayor Indígena,Masculino,,"<p>Por medio de un comunicado, la Organización Nacional Indígena de Colombia, Onic, denunció que uniformados del Ejército acabaron con la vida de un miembro de la Guardia Indígena identificado como Eleazar Tequia Bitucay. Según la Onic, el hecho se registró en mediaciones de la comunicad el Dieciocho (18)  en la vía que de Quibdó conduce a Medellín.</p>
<p>La organización indígena asegura que el hecho se registró aproximadamente a las 11 de la noche de este viernes 26 de enero,  en el marco de la Minga Educativa que desarrollaban las comunidades para la atención a los niños, niñas y adolescentes (NNA) del resguardo indígena Embera Katio, &#8220;Minga que tenía como fin, la exigibilidad  de los derechos a la educación gratuita, oportuna y con enfoque propio. El que disparó fue un miembro del Ejercito Nacional del Batallón Mansalva Flores de la Décima Brigada de Quibdó Chocó”.</p>
<p>Según el Comando de la Fuerza de Tarea Conjunta Titán de las Fuerzas Armadas, varios indígenas intentaron desarmar anoche, &#8220;mediante acciones violentas&#8221;, a un soldado que trató de registrar a una persona que tenía un arma de fuego y estaba &#8220;obstruyendo la vía pública&#8221;.</p>
<p>&#8220;Como consecuencia de la acción criminal violenta, uno de los sujetos que estaba en la acción ilegal pierde la vida al momento de la comisión del delito&#8221;, agregó la información oficial en un comunicado.</p>
<p>La información agregó que los indígenas retuvieron a &#8220;dos soldados&#8221;, a quienes aseguran hirieron de gravedad y los despojaron de sus armas, e incineraron un &#8220;vehículo de uso oficial&#8221;.</p>
<p>Los indígenas de esa comunidad se manifiestan en esa carretera desde el lunes pasado y exigen que las autoridades respeten su &#8220;derecho a la educación gratuita, oportuna y con enfoque propio&#8221;.</p>
<p>El Ejército, por su parte, señaló que el incidente fue puesto en conocimiento de las autoridades judiciales para que investiguen qué fue lo que sucedió y determine quiénes fueron los responsables.</p>
<p>&#8220;Por lo anterior este Comando está dispuesto a colaborar con todo lo requerido por las autoridades para esclarecer lo sucedido. Al tiempo se denuncia de manera categórica la acción violenta y amenazante de los indígenas que se encontraban en el lugar contra los miembros de la Fuerza Pública&#8221;, concluyó.</p>
<p>Por su parte, los indígenas hacen un llamado a las autoridades para que investiguen y juzquen los hechos.</p>"
79. Juan Mena,79,0079,Juan Mena,Quibdó,Chocó,"Quibdó, Chocó, Colombia",POINT (-76.649812 5.695633),-76.650812,5.694633,2018-03-18,18-Mar-2018,Presidente de la JAC del barrio Álamos,Masculino,,"<p>En la tarde del domingo 18 de marzo, cuando Juan Mena caminaba por las calles de Quibdó, hombres desconocidos lo interceptaron y le propinaron múltiples disparos. Mena era presidente de la Junta de Acción Comunal (JAC) del sector La Arrocera en el barrio Álamos de Quibdó, un lugar que ha sido codiciado por grupos dedicados al narcotráfico. Mena, quien también se desempeñaba como comerciante, se opuso a pagar una vacuna y por esta razón fue amenazado de muerte. Con este caso ya serían 15 los líderes en Chocó que han sido asesinados en los últimos seis meses.</p>"
12. Juan Mosquera,12,0012,Juan Mosquera Rodríguez,Río Sucio,Chocó,"Río Sucio, Chocó, Colombia",POINT (-77.11517599999999 7.438388),-77.115176,7.438388,2017-01-10,10-Jan-2017,Jefe comunal consejo comunitario de Saloguí,Masculino,,"<p>Cuando Juan Mosquera se movilizaba por la vereda Salaquí, del municipio de Riosucio (Chocó), presuntos miembros de las Autodefensas Gaitanistas de Colombia se le acercaron. Los acusaron a él y a su hijo —Moises Mosquera, de 33 años— de ser colaboradores del frente 57 de las Farc, y los asesinaron. Las autoridades investigan el caso, pero aún no han encontrado ni sospechosos ni culpables.</p>
<p>Fuentes de la zona aseguran que una de las razones por las que fueron asesinados Juan y su hijo es que eran familiares de miembros de la guerrilla. Mosquera era un reconocido líder comunitario de la región del Bajo Atrato.</p>"
1. Vicente Borrego,1,0001,Vicente Borrego,Riohacha,La Guajira,"Riohacha, La Guajira, Colombia",POINT (-72.91678379999999 11.5384151),-72.9167838,11.5384151,2016-12-01,01-Dec-2016,Líder exconcejal de Riohacha,Masculino,,"<p>Fue asesinado frente a su casa con múltiples disparos. Era un ganadero y comerciante de La Guajira, que fue concejal de Riohacha a comienzos de los años 90. Según el portal noticioso La Guajira Hoy, “en la actualidad estaba dedicado a apoyar a los amigos a corporaciones públicas de elección popular y también en la administración de sus fincas y bienes”.</p>
<p>En 2014, la Fiscalía capturó a Borrego por su presunta participación en el asesinato de Iván Muñizen, profesor y sindicalista de la Asociación de Educadores de La Guajira. Entonces, la entidad lo señaló como presunto responsable de los delitos de homicidio en persona protegida y concierto para delinquir, y ordenó su detención domiciliaria. Quedó en libertad por las demoras de la justicia en tomar una decisión de fondo sobre el caso.</p>"
45. Manuel Ramírez Mosquera,45,0045,Manuel Ramírez Mosquera,Riosucio,Chocó,"Riosucio, Chocó, Colombia",POINT (-77.11517599999999 7.438388),-77.115176,7.438388,2017-08-17,17-Aug-2017,Ex-presidente del consejo comunitario de Truandó,Masculino,,"<p>El expresidente del consejo comunitario de Truandó, en el municipio Riosucio (Chocó), fue asesinado el pasado 17 de agosto. Según las primeras denuncias, habría sido retenido mientras compraba madera en el pueblo por miembros de las Autodefensas Gaitanistas de Colombia. Horas después, apareció muerto. Ramírez también era víctima de la violencia y reclamante de tierras.</p>"
59. Mario Castaño,59,0059,Mario Castaño,Riosucio,Chocó,"Riosucio, Chocó, Colombia",POINT (-77.11517599999999 7.438388),-77.116176,7.439388,2017-11-26,26-Nov-2017,Líder reclamante de tierras,Masculino,,"<p>Aunque contaba con medidas de protección, Mario Castaño fue asesinado en la noche del domingo en un caserío entre Riosucioy Belén de Bajirá (Chocó). Era reclamante de restitución de tierras y en los últimos meses había recibido reiteradas amenazas. En la zona existen 107.064 hectáreas en proceso de restitución de acuerdo a lo estipulado en la Ley 1448.</p>"
62. Hernán Bedoya,62,0062,Hernán Bedoya,Riosucio,Chocó,"Riosucio, Chocó, Colombia",POINT (-77.11517599999999 7.438388),-77.114176,7.437388,2017-12-08,08-Dec-2017,Líder reclamante de tierras,Masculino,,"<p>La Comisión Intereclesial de Justicia y Paz fue la organización que denunció el asesinato de Hernán Bedoya, líder reclamante de tierras, en en el caserío de Playa Roja, territorio colectivo de Pedeguita y Mancilla, en el departamento de Chocó. El asesinato, según la organización, se registró cuando Bedoya iba en dirección hacia su vivienda, movilizándose en un caballo, “cuando neoparamilitares de las autodenominadas Autodefensas Gaitanistas de Colombia AGC le dispararon en varias ocasiones”.</p>"
43. Idalia Castillo Narváez,43,0043,Idalia Castillo Narváez,Rosas,Cauca,"Rosas, Cauca, Colombia",POINT (-76.7406139 2.261858),-76.7406139,2.261858,2017-08-09,09-Aug-2017,"Vicepresidente JAC de Rosas, Cauca",Femenino,,"<p>“La mujer fue torturada, violada y asesinada”, dijo este miércoles Rocío Cuenca, secretaria de la Mujer del Cauca. Se refiere al caso de Idalia Castillo Narváez, una líder social de 37 años que murió en la vereda Bella Vista del municipio de Rosas, en ese departamento. Castillo hacía parte de la mesa directiva de víctimas y era la vicepresidente de la Junta de Acción Comunal de su municipio.</p>
<p>El personero del municipio, Ari Ibarra, le dijo a la W que “la mujer fue encontrada en un paraje cerca de unos arbustos de café, con señales de estrangulamiento y heridas causadas al parecer con arma blanca”. “Espero que las autoridades encargadas de la investigación logren esclarecer quiénes son los responsables de este lamentable homicidio”, señaló el Funcionario a esa emisora.</p>
<p>Aunque no se conocen aún las causas o los posibles victimarios, medios locales señalaron que “un equipo especial de la Dijin se desplazó hasta la zona para realizar las investigaciones correspondientes que permitan dar con el paradero de los responsables”.</p>"
82. Belisario Benavides Ordóñez,82,0082,Belisario Benavides Ordóñez,Rosas,Cauca,"Rosas, Cauca, Colombia",POINT (-76.7406139 2.261858),-76.7416139,2.262858,2018-03-22,22-Mar-2018,Integrante de la Mesa de Víctimas del municipio de Rosas,Masculino,,"<p>El asesinato de Belisario Benavides fue denunciado por las autoridades policiales del Cauca el domingo primero de abril. Según la información entregada por la Policía, Benavides, integrante de la Mesa de Víctimas del departamento y líder comunal en el municipio de Rosas, fue asesinado en el barrio Santander, en el sector los Guaduales, cuando salía de su casa. Benavides ingresó a la Mesa de Víctimas en  2013, cuando llegó a Rosas después de ser desplazado del municipio de Patía. El alcalde de Rosas, Jesús Eduardo Díaz, denunció el episodio y lamentó que por este asesinato resultaran afectados su familiares: su esposa y tres hijos, uno de 12, otrode 7 y otro de 3, quien presenció el asesinato.</p>"
90. Leidy Amaya,90,0090,Leidy Amaya,San Calixto,Norte de Santander,"San Calixto, Norte de Santander, Colombia",POINT (-73.2089979 8.4015989),-73.2089979,8.4015989,2018-01-30,30-Jan-2018,Promotora de salud en San Calixto,Femenino,,"<p>El primer mes de 2018 fue trágico para los líderes sociales. En una sola semana se fueron reportados tres casos. Uno de ellos, el cual fue divulgado por Agencia Prensa Rural, fue el de Leidy Amaya, lideresa y promotora de salud en el municipio de San Calixto, en la región del Catatumbo. En su momento las autoridades no confirmaron el asesinato y fue un mes más tarde que el gobierno, a través de la Agencia de Renovación del Territorio &#8211; ART &#8211; confirmó y rechazó el asesinato de Leidy Amaya. En el comunicado, la ART señala que &#8220;muchos de los hechos victimizantes contra la población en mención son una clara demostración de sabotaje a un proceso de reconstrucción de país en el que todos debemos estar empeñados.Es urgente que las autoridades civiles y policivas aceleren las investigaciones sobre los asesinatos a líderes y otorguen garantías de seguridad para todos aquellos que trabajan por la defensa de las comunidades más vulnerables&#8221;. En ¡Pacifista! intentamos conocer los avances de las autoridades locales de San Calixto y de la gobernación de Norte de Santander sobre el caso de Amaya, pero no fue posible. Su caso sigue en la impunidad.</p>"
69. Plinio Pulgarín,69,0069,Plinio Pulgarín,San José de Uré,Córdoba,"San José de Uré, Córdoba, Colombia",POINT (-75.535839 7.787444000000001),-75.535839,7.787444,2018-01-18,18-Jan-2018,Presidente de la JAC de la vereda San Pedrito,Masculino,,"<p>En el sector Alto Mira de la vereda San Pedrito, municipio san José de Uré, Córdoba, fue asesinado Plinio Pulgarín, presidente de la Junta de Acción Comunal de esa misma vereda. Pulgarín, de 36 años de edad, se desempeñaba como agricultor. Según fuentes policiales, Pulgarín se encontraba en su residencia con la  familia cuando llegaron sujetos armados con fusiles. Golpearon a la puerta. Lo llamaron por su nombre. Cuando había caminado cincuenta metros después de cruzar la entrada, lo asesinaron.</p>"
78. Tomás Barreto,78,0078,Tomás Barreto,San José de Uré,Córdoba,"San José de Uré, Córdoba, Colombia",POINT (-75.535839 7.787444000000001),-75.536839,7.786444,2018-03-11,11-Mar-2018,Integrante y vocer de las comunidades afro en San José de Uré,Masculino,,"<p>En la madrugada del domingo 11 de marzo, las autoridades locales reportaron el asesinato de Tomás Barreto Moreno, integrante del Consejo Comunitario de las comunidades afro en San José de Uré, Córdoba. El homicidio, según la Fiscalía, ocurrió en la vereda El Can, muy cerca del perímetro urbano de San José de Uré. Según las primeras informaciones, dos hombres llegaron en una moto al lugar de residencia del líder y le propinaron varios disparos. Con el de Barreto ya son cuatro los líderes asesinados en esta región, donde tanto disidencias como grupos paramilitares buscan expandirse para controlar las rutas del narcotráfico.</p>"
48.  Jimy Humberto Medina,48,0048,Jimy Humberto Medina Trujillo,San José del Guaviare,Guaviare,"San José del Guaviare, Guaviare, Colombia",POINT (-72.64172649999999 2.568549),-72.6417265,2.568549,2017-10-03,03-Oct-2017,Vicepresidente JAC de la vereda de Puerto Nuevo,Masculino,,"<p>Fue asesinado el 3 de octubre en la vereda de Puerto Nuevo, de San José del Guaviare. Medina se desempeñaba como vicepresidente de la Junta de Acción Comunal. Era defensor ambiental y apoyaba la sustitución de cultivos ilícitos. Unos sujetos armados lo interceptaron en la carretera, lo torturaron y lo asesinaron con ocho tiros. Primeras hipótesis: disidencias de las Farc y grupos con interés en la apropiación de baldíos.</p>"
83. Wilson Arnuflo Quetama,83,0083,Wilson Arnuflo Quetama,San José del Palmar,Chocó,"San José del Palmar, Chocó, Colombia",POINT (-76.22922 4.97262),-76.22922,4.97262,2018-04-10,10-Apr-2018,Integrante de la Mesa de Víctimas del municipio de San José del Palmar,Masculino,,"<p>En la tarde del martes 10 de abril, la Fiscalía Seccional de Cartago, de Valle del Cauca, confirmó el asesinato del líder social Wilson Arnuflo Quetama, quien trabajaba en la Mesa de Víctimas del municipio de San José del Palmar, en Chocó. De hecho, fue coordinador de la mesa de participación de víctimas entre 2016 y 2017. Quetama, de 33 años, presidía la Asociación de Víctimas del municipio. Según la Fiscalía de Cartago, la cual asumió la investigación por temas de experticia, señaló que fueron cuatro los hombres que asesinaron al líder cuando se encontraba en una reunión con varios miembros de la comunidad del caserío La Italia. &#8220;Los móviles y autores son materia de investigación por parte de la Fiscalía por los delitos de homicidio, concierto para delinquir y fabricación, tráfico, y porte de armas de fuego, accesorios, partes, y municiones&#8221;, señaló el ente acusador.</p>"
28. Alvenio Rosero,28,0028,Alvenio Rosero,San Miguel,Putumayo,"San Miguel, Putumayo, Colombia",POINT (-76.87635999999999 0.33002),-76.87636,0.33002,2017-03-27,27-Mar-2017,Presidente JAC de la vereda La Unión,Masculino,,"<p>En la vereda La Unión, del municipio de San Miguel en pleno Putumayo, desconocidos llegaron a la casa de Alvenio Rosero y le dispararon. Fue el lunes 27 de marzo, a la 1 de la mañana y los vecinos avisaron de inmediato al presidente de AsoJuntas en la región, Jaxin Oswaldo Solarte Rosero.</p>
<p>Este martes, a través de un comunicado, Solarte comunicó la noticia y dijo, además, que “se desconoce los hechos que le ocasionaron la muerte”. Dijo también que “La acción comunal esta de luto, un líder más que perdemos, nos solidarizamos con sus familiares por la gran perdida de nuestro estimado presidente”.</p>"
84. James Luis Jiménez Estrada,84,0084,James Luis Jiménez Estrada,San Pedro de Urabá,Antioquia,"San Pedro de Urabá, Antioquia, Colombia",POINT (-76.379729 8.275843),-76.379729,8.275843,2018-04-20,20-Apr-2018,"Presidente de la JAC de Cacahual, corregimiento San Vicente del Congo, municipio de Turbo",Masculino,,"<p>El Instituto Popular de Capacitación (IPC), con diferentes programas sociales en Antioquia, denunció el asesinato de James Luis Jiménez Estrada, presidente de la Junta de Acción Comunal de Cacahual, en el corregimiento San Vicente del Congo, en el municipio fronterizo de Turbo (Urabá antioqueño). Según el IPC, James &#8220;se destacaba por tener un conocimiento profundo sobre varias problemáticas, como procesos de formalización y restitución de tierras y sustitución de cultivos de uso ilícito&#8221;. A James lo asesinaron el pasado 20 de abril, cuando visitaba a su hermano en la vereda Santa Rosa de Pedro de Urabá. La Fiscalía regional investigará el caso. Para el IPC es urgente, &#8220;pues parece que en estos territorios las comunidades no pueden beneficiarse de temas como la restitución de tierras, la formalización, el banco de tierras, la sustitución de cultivos de uso ilícito y el sometimiento judicial colectivo de herederos del paramilitarismo&#8221;.</p>"
46.  Carlos Mario Hincapié,46,0046,Carlos Mario Hincapié,San Rafael,Antioquia,"San Rafael, Antioquia, Colombia",POINT (-75.028577 6.293544),-75.028577,6.293544,2017-09-29,29-Sep-2017,Activista del Centro Democrático,Masculino,,"<p>Se desempeñaba como activista y promotor del Centro Democrático en San Rafael, Antioquia. Fue asesinado el 28 de septiembre cuando regresaba a su casa desde la ferretería en donde trabajaba. El caso fue confirmado por el Centro Democrático y por la Policía Nacional. Su caso es materia de investigación, pues no se ha esclarecido si constituye un asesinato político.</p>"
30. Rubiela Sánchez Vanegas,30,0030,Rubiela Sánchez Vanegas,San Vicente Ferrer,Antioquia,"San Vicente Ferrer, Antioquia, Colombia",POINT (-75.33422 6.285814999999999),-75.33422,6.285815,2017-04-20,20-Apr-2017,Líder comunitaria,Femenino,,"<p>A las 8:30 de la mañana del martes 20 de abril de 2017, Rubiela  regresaba a su casa, en la vereda Las Cruces del municipio San Vicente Ferrer en Antioquia, de llevar la leche que había producido al tanque recolector. En ese momento, hombres armados se acercaron y la asesinaron. “Era una mujer campesina, luchadora, sola, le había tocado batallar para salir adelante”,  la recuerda Gloria Quintero, presidente de la Asociación de Mujeres del municipio (AMUSAVI).</p>
<p>El alcalde del municipio, Roberto Jaramillo Marín, denunció el hecho y las autoridades aún no se han pronunciado.</p>"
70. Fares Carabalí,70,0070,Fares Carabalí,Santander de Quilichao,Cauca,"Santander de Quilichao, Cauca, Colombia",POINT (-76.484533 3.01228),-76.484533,3.01228,2018-01-23,23-Jan-2018,"Gerente de la Cooperativa de Mineros de Buenos Aires, Cauca",Masculino,,"<p>A las 6:30 pm en la vía que conduce de Santander Quilichao (norte del Cauca) hacia el corregimiento de Timba (Valle) se presentó el atentado con una granada de fragmentación y tiros de fusil. En el campero blanco, que quedó a la orilla de la trocha, quedaron los cuerpos de Fares Carabalí y Diego Fernando Castillo, quienes fallecieron en el lugar. Carabalí, además de haber sido el gerente de la cooperativa de mineros de Buenos Aires, era el hermano del actual alcalde de ese municipio, Urdely Carabalí.</p>"
4. José Abdón Hoyos,4,0004,José Abdón Hoyos,Satará,Cauca,"Satará, Cauca, Colombia",POINT (-76.5950555 2.2781525),-76.5950555,2.2781525,2016-12-03,03-Dec-2016,Integrante Mesa de Víctimas Satará,Masculino,,"<p>En su informe sobre la situación de derechos humanos de 2016, la Cumbre Agraria, Campesina, Étnica y Popular denunció que en la vereda San Isidro, de Sotará (Cauca), fue asesinado con arma de fuego José Abdón Hoyos, integrante de la Mesa de Víctimas de ese municipio. En abril de 2016, Hoyos le había pedido a la Corporación Autónoma del Regional del Cauca que identificara los humedales de una finca en la vereda Ullucos, determinara su estado y trazará una ruta para protegerlos con apoyo de la comunidad.</p>
<p>Según registró W Radio, el comandante de la Policía Metropolitana de Popayán, Pompy Pinzón, declaró que Hoyos “es integrante de la Mesa de Víctimas del municipio y aparece con unos registros: una condena por actos sexuales violentos y estaba vinculado a un proceso por porte ilegal de armas de fuego y homicidio, por lo cual tenía un impedimento para salir del país”.</p>
<p>En 2001, la Fiscalía capturó a Hoyos por su presunta participación en la masacre de nueve excursionistas en el Parque Nacional Natural Puracé, ejecutada en febrero de ese año por las Farc. Más tarde, fue dejado en libertad.</p>"
55.  Miguel Pérez,55,0055,Miguel Pérez,Tarazá,Antioquia,"Tarazá, Antioquia, Colombia",POINT (-75.39996599999999 7.583190999999999),-75.399966,7.583191,2017-10-22,22-Oct-2017,Líder de sustitución de cultivos ilícitos,Masculino,,"<p>Además de ser líder de la vereda La Unión, Pérez era uno de los campesinos que impulsaba el programas de sustitución de cultivos en Antioquia. Fue asesinado el domingo 22 de octubre en Tarazá, Bajo Cauca antioqueño. La alcaldesa del municipio, Gladis Rebeca Miguel Vides, confirmó el caso y aseguró que Pérez era reconocido por su participación activa en el proceso de sustitución de cultivos de coca.</p>"
94. Héctor Santiago Anteliz,94,0094,Héctor Santiago Anteliz,Teorama,Norte de Santander,"Teorama, Norte de Santander, Colombia",POINT (-73.2869429 8.437521),-73.2869429,8.437521,2018-06-23,23-Jun-2018,"Presidente de la JAC de la vereda de San José, municipio de Teorama, región del Catatumbo",Masculino,,"<p>El fin de semana pasado, las autoridades del municipio de Teorama, Norte de Santander, confirmaron el asesinato de Héctor Santiago Anteliz, presidente de la Junta de Acción Comunal (JAC) de la vereda San José. Aún se desconocen las circunstancias de su asesinato, pues su cuerpo fue hallado el sábado por parte de la Policía en la vía que conduce hacia la vereda Santo Domingo. El secretario de gobierno de Teorama, Ciro Oliveros Omeara, rechazó el asesinato e hizo un llamado a las autoridades nacionales para que intervengan en la situación que se vive en Catatumbo. Según Medicina Legal, entre enero y mayo de este año se registraron 215 homicidios en Norte de Santander.  La La Agencia de la ONU para los Refugiados (Acnur) <a href=""https://twitter.com/ACNURamericas/status/1010692138546282496?ref_src=twsrc%5Etfw&amp;ref_url=https%3A%2F%2Fwww.kienyke.com%2Fkrimen%2Fvictimas-conflicto-teorama-en-24-horas"" target=""_blank"">rechazó</a> el asesinato y pidió protección para los líderes sociales en la zona, pues los enfrentamientos entre el EPL, ELN y Ejército representan un peligro para la población. De hecho, Anteliz hacía parte de un proceso comunitario liderado  Naciones Unidas en este territorio.</p>"
75. Sandra Yaneth Luna,75,0075,Sandra Yaneth Luna,Tibú,Norte de Santander,"Tibú, Norte de Santander, Colombia",POINT (-72.73773299999999 8.642355999999999),-72.737733,8.642356,2018-02-07,07-Feb-2018,Presidenta de la JAC de la vereda Tutumito Carbonera,Femenino,,"<p>Sandra pasó cerca de cinco meses desaparecida, después de haber sido secuestrada en septiembre del año pasado por un grupo de hombres armados que la sacaron a fuerza de su casa. Su cuerpo fue encontrado sin vida en el corregimiento de Campo Dos, en Tibú, con varios impactos de bala.</p>
<p>Los autores del crimen aún no han sido identificados.</p>"
66. Guillermo Javier Artuz,66,0066,Guillermo Javier Artuz,Tierralta,Córdoba,"Tierralta, Córdoba, Colombia",POINT (-76.062313 8.171571),-76.062313,8.171571,2017-12-24,24-Dec-2017,Presidente de la Cooperativa de Productores de Cacao y Miel de la vereda La Ossa,Masculino,,"<p>Su cuerpo fue encontrado el 24 de diciembre en las afueras de Tierralta, Córdoba. Artuz había desparecido desde el 22 de diciembre, cuando salió de su casa rumbo a su trabajo en la Asociación de Campesinos Productores de la vereda La Osa.  En Tierralta han sido asesinados tres líderes en los últimos meses, todos de ellos integrantes de organizaciones campesinas.</p>"
31. Gerson Acosta,31,0031,Gerson Acosta Salzar,Timbío,Cauca,"Timbío, Cauca, Colombia",POINT (-76.683352 2.352686),-76.683352,2.352686,2017-04-19,19-Apr-2017,Gobernador indígena Kite Kiwe de la vereda La Laguna,Masculino,,"<p>Este miércoles 19 de abril a las 4 y 40 de la tarde llegó sin vida al hospital de Timbío, en el Cauca, Gerson Acosta, el gobernador del cabildo indígena Kite Kiwe de la vereda La Laguna de este municipio. Según información preliminar, Acosta fue asesinado cuando “salía de una reunión de su comunidad, y un sicario le disparó en repetidas ocasiones. La comunidad lo auxilió, lo trasladó de urgencia a hospital cercano pero llego sin signos vitales”. El líder tenía medidas de protección de la UNP tipo uno. Es decir, escoltas.</p>"
6. Éder Mangones,6,0006,Éder Mangones,Tiquisio,Bolívar,"Tiquisio, Bolívar, Colombia",POINT (-74.26361 8.55768),-74.26361,8.55768,2016-12-10,10-Dec-2016,Líder social miembro de la JAC,Masculino,,"<p>La Comisión de Interlocución del Sur de Bolívar, Centro y Sur del Cesar —un proceso social que defiende los derechos humanos y el medio ambiente— denunció que el pasado 10 de diciembre desconocidos asesinaron a Eder Mangones en la vía que conduce del municipio de Tiquisio al municipio de Norosí, ambos en el departamento de Bolívar. De acuerdo con la Comisión, Mangones se movilizaba en un mototaxi cuando fue asesinado.</p>
<p>La Comisión aseguró que Mangones era “un pequeño minero, líder social de muchos años en el corregimiento de Mina Seca (Tiquisio) y actualmente hacía parte de la junta de acción comunal”.</p>"
52. José Jair Cortés,52,0052,José Jair Cortés,Tumaco,Nariño,"Tumaco, Nariño, Colombia",POINT (-78.791265 1.787434),-78.791265,1.787434,2017-10-17,17-Oct-2017,Integrante de la junta de gobierno del Consejo Comunitario de Alto Mira,Masculino,,"<p>Fue asesinado el jueves 17 de octubre en la vereda El Restrepo, perteneciente al Consejo Comunitario de Alto Mira y Frontera, zona donde el 5 de octubre fueron asesinados seis campesinos en medio de un plan de erradicación de cultivos en la zona. El cuerpo de Cortés fue encontrado el 18 de octubre, pues los médicos forenses tenían prohibido el ingreso a la zona. Autoridades evalúan una presunta responsabilidad por parte de las disidencias de las Farc, pues Cortés ya había sido amenazado por su labor como colaborador del programa de sustitución de cultivos.</p>"
57.  Luz Yeni Montaño,57,0057,Luz Yeni Montaño,Tumaco,Nariño,"Tumaco, Nariño, Colombia",POINT (-78.791265 1.787434),-78.792265,1.788434,2017-11-12,12-Nov-2017,Líder comuinal y religiosa de la zona,Femenino,,"<p>En Viento Libre, uno de los barrios más vulnerables de Tumaco, asesinaron el pasado domingo 12 de noviembre a Luz Yeni Montaño, líder comunal y religiosa de la zona. De acuerdo a la información recogida el lunes en numerosos medios de comunicación de cobertura nacional, el homicidio se dio en las horas de la tarde del domingo mientras Montaño descansaba en su casa. La mujer, según fuentes locales de la Casa de Tumaco y de la Personería, formaba parte de las asociaciones religiosas Jesús Nazareno y Divino Niño.</p>
<p>De acuerdo a testimonios que recogió la Policía de Tumaco, dos sujetos que se desplazaban en una moto llegaron a su casa, entraron “violentamente” y le dispararon en repetidas ocasiones. Montaño, de 48 años de edad, no logró viajar a Pasto, donde ese día un grupo de líderes comunitarios se movilizaron por las calles, precisamente para reclamar seguridad y garantías.</p>"
17. Porfirio Jaramillo,17,0017,Porfirio Jaramillo,Turbo,Antioquia,"Turbo, Antioquia, Colombia",POINT (-76.7284559 8.0951588),-76.7284559,8.0951588,2017-01-29,29-Jan-2017,Líder reclamante de tierras,Masculino,,"<p>La noche del 28 de enero, cuatro hombres armados entraron en la casa de Porfirio Jaramillo en la vereda Guacamayas, en Turbo (Antioquia) para llevárselo con rumbo desconocido. En la madrugada del domingo lo encontraron muerto. Jaramillo, reconocido reclamante de tierras en la región, había recibido amenazas en los últimos días, por eso le solicitó a la Unidad Nacional de Protección un esquema de seguridad. Sin embargo, las peticiones fueron rechazadas por el organismo.</p>"
86. Hugo Albeiro George Pérez,86,0086,Hugo Albeiro George Pérez,Valdivia,Antioquia,"Valdivia, Antioquia, Colombia",POINT (-75.39215 7.29117),-75.39215,7.29117,2018-05-02,02-May-2018,Integrante de la Ascociación de Víctimas y Afectados por Megaproyectos - ASVAM El Aro del municipio de Ituango articulada al Movimiento Ríos Vivos Antioquia,Masculino,,"<p>El Movimiento Ríos Vivos Antioquia fue la primera organización que dio a conocer el suceso: el líder Hugo Albeiro George Pérez, integrante de la Asociación por Megaproyectos, fue asesinado con arma de fuego a las 11: 00 a.m. del 2 de mayo en el corregimiento de Puerto Valdivia, cuando se transportaba en un mototaxi. Su sobrino, Domar Zapata George, quien manejaba el mototaxi, también fue asesinado. George Pérez tenía 12 hijos, de los cuales 10 eran menores de edad. La organización a la que el pertenecía se opone al proyecto de construcción de la hidroeléctrica Hidroituango, al norte de Antioquia.</p>"
91. Yeison Ramírez,91,0091,Yeison Ramírez,Valle del Guamuez,Putumayo,"Valle del Guamuez, Putumayo, Colombia",POINT (-76.7798172 0.4015861),-76.7798172,0.4015861,2018-06-11,11-Jun-2018,Líder comunal,Masculino,,"<p>Yeison Ramírez se destacaba por su labor como líder comunal y su ejercicio de procesos organizativos para campesinos en el municipio del Valle del Guamuez, en el sur del departamento del Putumayo. Fue asesinado el 11 de junio por desconocidos que le dispararon en varias ocasiones mientras estaba acompañado por su esposa en una tienda de la vereda La Yet, contígua al municipio de Puerto Asís. Yeison era presidente de la Junta de Acción Comunal de La Yet.</p>"
16. Yoryanis Isabel Bernal,16,0016,Yoryanis Isabel Bernal,Valledupar,Cesar,"Valledupar, Cesar, Colombia",POINT (-73.2436335 10.4742449),-73.2436335,10.4742449,2017-01-26,26-Jan-2017,Defensora de los derechos del pueblo Wiwa,Femenino,,"<p>Está líder se desempañaba como defensora de los derechos de las mujeres de su comunidad. La gente la recuerda como una persona que siempre estaba en busca de soluciones a las necesidades de los suyos en Santa Marta. También apoyaba una delegación wiwa asentada en Riohacha. La asesinaron el pasado jueves 26 de enero en Valledupar de un disparo en la cabeza. Sus familiares llevaron su cuerpo a Santa Marta donde tuvieron lugar los actos fúnebres. La investigación está en manos del CTI de la Fiscalía.</p>
<p>“Nos quitaron a una gran líder, y cuando esto sucede, nuestra cultura se baja porque no hay mucha gente valiente para enfrentar nuestros problemas de orden público, que siempre son peligrosos”, dice el cabildo gobernador Kogui José de los Santos Sauna.</p>"
19. Luz Herminia Olarte,19,0019,Luz Herminia Olarte,Yarumal,Antioquia,"Yarumal, Antioquia, Colombia",POINT (-75.4190689 6.961969),-75.4190689,6.961969,2017-02-07,07-Feb-2017,Representante JAC de Llano de Ochalí,Femenino,,"<p>Desapareció el pasado 28 de enero en el corregimiento Llano de Ochalí, en el municipio de Yarumal, norte de Antioquia. Días después, el 7 de febrero, unos campesinos hallaron su cuerpo entre matorrales y cubierto con ramas en una zona boscosa de la vereda Las Cruces.</p>
<p>Al parecer fue atacada con un machete. Olarte pertenecía a la Junta de Acción Comunal de su corregimiento. Era madre de cuatro hijos y se encargaba del cuidado de su padre, un hombre de avanzada edad. Su caso dejó preocupados y afligidos a los vecinos del sector, pues en el lugar nunca se había presentado un hecho de violencia de este tipo.</p>"
68.Víctor Manuel Morato,68,0068,Víctor Manuel Morato,Yondó,Antioquia,"Yondó, Antioquia, Colombia",POINT (-73.91006229999999 7.0081406),-73.9100623,7.0081406,2018-01-17,17-Jan-2018,Miembro de la JAC de la vereda Rompida I,Masculino,,"<p>Víctor Manuel Morato fue asesinado el pasado 17 de enero alrededor de las 8:00 p.m. Así lo aseguró ante diferentes medios de comunicación el alcalde de Yondó, Gilbert Cartagena. Morato, quien se desempeñaba como presidente de la Junta de Acción Comunal de la vereda Rompida I, habría sido interceptado por dos hombres cuando estaba haciendo unas compras personales. El municipio, ubicado en la región del Magdalena Medio, ha sido víctima en las últimas décadas de grupos paramilitares y recientemente de la guerrilla del ELN. Las autoridades investigan el suceso.</p>"
